Ref,Val,Package,PosX,PosY,Rot,Side
"C3","C0805C104M5RAC","CAPC2012X88N",194.660000,-23.260000,0.000000,top
"J1","USB4125-GF-A-0190","USB4125GFA0190",151.260000,7.742500,180.000000,top
"MK1","CMM-4737DT-26186-TR","CMM4737DT26186TR",194.560000,-18.860000,180.000000,top
"R1","R_US","R_0805_2012Metric",152.500000,1.470000,180.000000,top
"R2","R_US","R_0805_2012Metric",149.060000,1.470000,0.000000,top
"S1","1-1825027-7","118250277",116.630000,8.850000,180.000000,top
"S2","1-1825027-7","118250277",107.150000,8.870000,180.000000,top
"U1","Pico","RPi_Pico_SMD_TH_removes2",125.120000,-16.060000,90.000000,top
"VR1","PTV09A-2020F-A104","PTV09A2020FA104",128.570000,4.940000,180.000000,top
"VR2","PTV09A-2020F-A104","PTV09A2020FA104",141.110000,4.960000,180.000000,top
"led0","LED_WS2812B_PLCC4_5.0x5.0mm_P3.2mm","LED_WS2812B_PLCC4_5.0x5.0mm_P3.2mm",95.504000,-5.715000,0.000000,top
"led3","LED_WS2812B_PLCC4_5.0x5.0mm_P3.2mm","LED_WS2812B_PLCC4_5.0x5.0mm_P3.2mm",159.131000,-4.064000,0.000000,top
"led4","LED_WS2812B_PLCC4_5.0x5.0mm_P3.2mm","LED_WS2812B_PLCC4_5.0x5.0mm_P3.2mm",172.466000,-18.415000,0.000000,top
"led5","LED_WS2812B_PLCC4_5.0x5.0mm_P3.2mm","LED_WS2812B_PLCC4_5.0x5.0mm_P3.2mm",142.875000,-31.242000,0.000000,top
"led6","LED_WS2812B_PLCC4_5.0x5.0mm_P3.2mm","LED_WS2812B_PLCC4_5.0x5.0mm_P3.2mm",112.522000,-31.369000,0.000000,top
"led7","LED_WS2812B_PLCC4_5.0x5.0mm_P3.2mm","LED_WS2812B_PLCC4_5.0x5.0mm_P3.2mm",82.042000,-20.828000,0.000000,top
"led8","LED_WS2812B_PLCC4_5.0x5.0mm_P3.2mm","LED_WS2812B_PLCC4_5.0x5.0mm_P3.2mm",38.989000,-38.608000,0.000000,top
"led9","LED_WS2812B_PLCC4_5.0x5.0mm_P3.2mm","LED_WS2812B_PLCC4_5.0x5.0mm_P3.2mm",58.420000,-35.306000,0.000000,top
"led10","LED_WS2812B_PLCC4_5.0x5.0mm_P3.2mm","LED_WS2812B_PLCC4_5.0x5.0mm_P3.2mm",93.599000,-37.211000,0.000000,top
"led11","LED_WS2812B_PLCC4_5.0x5.0mm_P3.2mm","LED_WS2812B_PLCC4_5.0x5.0mm_P3.2mm",163.703000,-36.576000,0.000000,top
"led12","LED_WS2812B_PLCC4_5.0x5.0mm_P3.2mm","LED_WS2812B_PLCC4_5.0x5.0mm_P3.2mm",197.358000,-36.068000,0.000000,top
"led13","LED_WS2812B_PLCC4_5.0x5.0mm_P3.2mm","LED_WS2812B_PLCC4_5.0x5.0mm_P3.2mm",216.916000,-38.481000,0.000000,top
"led14","LED_WS2812B_PLCC4_5.0x5.0mm_P3.2mm","LED_WS2812B_PLCC4_5.0x5.0mm_P3.2mm",219.964000,-58.547000,0.000000,top
"led15","LED_WS2812B_PLCC4_5.0x5.0mm_P3.2mm","LED_WS2812B_PLCC4_5.0x5.0mm_P3.2mm",190.500000,-53.086000,0.000000,top
"led16","LED_WS2812B_PLCC4_5.0x5.0mm_P3.2mm","LED_WS2812B_PLCC4_5.0x5.0mm_P3.2mm",165.608000,-61.976000,0.000000,top
"led17","LED_WS2812B_PLCC4_5.0x5.0mm_P3.2mm","LED_WS2812B_PLCC4_5.0x5.0mm_P3.2mm",127.508000,-51.054000,0.000000,top
"led18","LED_WS2812B_PLCC4_5.0x5.0mm_P3.2mm","LED_WS2812B_PLCC4_5.0x5.0mm_P3.2mm",90.170000,-61.468000,0.000000,top
"led19","LED_WS2812B_PLCC4_5.0x5.0mm_P3.2mm","LED_WS2812B_PLCC4_5.0x5.0mm_P3.2mm",66.675000,-50.673000,0.000000,top
"led20","LED_WS2812B_PLCC4_5.0x5.0mm_P3.2mm","LED_WS2812B_PLCC4_5.0x5.0mm_P3.2mm",35.687000,-57.912000,0.000000,top
"led21","LED_WS2812B_PLCC4_5.0x5.0mm_P3.2mm","LED_WS2812B_PLCC4_5.0x5.0mm_P3.2mm",54.356000,-65.659000,0.000000,top
"led22","LED_WS2812B_PLCC4_5.0x5.0mm_P3.2mm","LED_WS2812B_PLCC4_5.0x5.0mm_P3.2mm",111.125000,-65.532000,0.000000,top
"led23","LED_WS2812B_PLCC4_5.0x5.0mm_P3.2mm","LED_WS2812B_PLCC4_5.0x5.0mm_P3.2mm",144.653000,-65.151000,0.000000,top
"led24","LED_WS2812B_PLCC4_5.0x5.0mm_P3.2mm","LED_WS2812B_PLCC4_5.0x5.0mm_P3.2mm",202.946000,-66.294000,0.000000,top
"led25","LED_WS2812B_PLCC4_5.0x5.0mm_P3.2mm","LED_WS2812B_PLCC4_5.0x5.0mm_P3.2mm",249.428000,-94.615000,0.000000,top
"led26","LED_WS2812B_PLCC4_5.0x5.0mm_P3.2mm","LED_WS2812B_PLCC4_5.0x5.0mm_P3.2mm",233.553000,-81.534000,0.000000,top
"led27","LED_WS2812B_PLCC4_5.0x5.0mm_P3.2mm","LED_WS2812B_PLCC4_5.0x5.0mm_P3.2mm",218.059000,-92.456000,0.000000,top
"led28","LED_WS2812B_PLCC4_5.0x5.0mm_P3.2mm","LED_WS2812B_PLCC4_5.0x5.0mm_P3.2mm",193.802000,-89.154000,0.000000,top
"led29","LED_WS2812B_PLCC4_5.0x5.0mm_P3.2mm","LED_WS2812B_PLCC4_5.0x5.0mm_P3.2mm",172.847000,-81.407000,0.000000,top
"led30","LED_WS2812B_PLCC4_5.0x5.0mm_P3.2mm","LED_WS2812B_PLCC4_5.0x5.0mm_P3.2mm",139.192000,-85.725000,0.000000,top
"led31","LED_WS2812B_PLCC4_5.0x5.0mm_P3.2mm","LED_WS2812B_PLCC4_5.0x5.0mm_P3.2mm",116.586000,-86.233000,0.000000,top
"led32","LED_WS2812B_PLCC4_5.0x5.0mm_P3.2mm","LED_WS2812B_PLCC4_5.0x5.0mm_P3.2mm",82.042000,-81.534000,0.000000,top
"led33","LED_WS2812B_PLCC4_5.0x5.0mm_P3.2mm","LED_WS2812B_PLCC4_5.0x5.0mm_P3.2mm",61.976000,-89.662000,0.000000,top
"led34","LED_WS2812B_PLCC4_5.0x5.0mm_P3.2mm","LED_WS2812B_PLCC4_5.0x5.0mm_P3.2mm",38.227000,-91.821000,0.000000,top
"led35","LED_WS2812B_PLCC4_5.0x5.0mm_P3.2mm","LED_WS2812B_PLCC4_5.0x5.0mm_P3.2mm",21.209000,-81.915000,0.000000,top
"led36","LED_WS2812B_PLCC4_5.0x5.0mm_P3.2mm","LED_WS2812B_PLCC4_5.0x5.0mm_P3.2mm",6.985000,-95.631000,0.000000,top
"led37","LED_WS2812B_PLCC4_5.0x5.0mm_P3.2mm","LED_WS2812B_PLCC4_5.0x5.0mm_P3.2mm",66.040000,-110.363000,0.000000,top
"led38","LED_WS2812B_PLCC4_5.0x5.0mm_P3.2mm","LED_WS2812B_PLCC4_5.0x5.0mm_P3.2mm",97.155000,-96.647000,0.000000,top
"led39","LED_WS2812B_PLCC4_5.0x5.0mm_P3.2mm","LED_WS2812B_PLCC4_5.0x5.0mm_P3.2mm",157.734000,-96.520000,0.000000,top
"led40","LED_WS2812B_PLCC4_5.0x5.0mm_P3.2mm","LED_WS2812B_PLCC4_5.0x5.0mm_P3.2mm",242.824000,-113.411000,0.000000,top
"led41","LED_WS2812B_PLCC4_5.0x5.0mm_P3.2mm","LED_WS2812B_PLCC4_5.0x5.0mm_P3.2mm",223.647000,-113.030000,0.000000,top
"led42","LED_WS2812B_PLCC4_5.0x5.0mm_P3.2mm","LED_WS2812B_PLCC4_5.0x5.0mm_P3.2mm",189.738000,-111.506000,0.000000,top
"led43","LED_WS2812B_PLCC4_5.0x5.0mm_P3.2mm","LED_WS2812B_PLCC4_5.0x5.0mm_P3.2mm",169.037000,-116.332000,0.000000,top
"led44","LED_WS2812B_PLCC4_5.0x5.0mm_P3.2mm","LED_WS2812B_PLCC4_5.0x5.0mm_P3.2mm",140.081000,-117.475000,0.000000,top
"led45","LED_WS2812B_PLCC4_5.0x5.0mm_P3.2mm","LED_WS2812B_PLCC4_5.0x5.0mm_P3.2mm",124.714000,-111.760000,0.000000,top
"led46","LED_WS2812B_PLCC4_5.0x5.0mm_P3.2mm","LED_WS2812B_PLCC4_5.0x5.0mm_P3.2mm",112.268000,-122.809000,0.000000,top
"led47","LED_WS2812B_PLCC4_5.0x5.0mm_P3.2mm","LED_WS2812B_PLCC4_5.0x5.0mm_P3.2mm",86.741000,-115.951000,0.000000,top
"led48","LED_WS2812B_PLCC4_5.0x5.0mm_P3.2mm","LED_WS2812B_PLCC4_5.0x5.0mm_P3.2mm",32.766000,-111.252000,0.000000,top
"led49","LED_WS2812B_PLCC4_5.0x5.0mm_P3.2mm","LED_WS2812B_PLCC4_5.0x5.0mm_P3.2mm",12.954000,-113.919000,0.000000,top
"led50","LED_WS2812B_PLCC4_5.0x5.0mm_P3.2mm","LED_WS2812B_PLCC4_5.0x5.0mm_P3.2mm",13.589000,-140.843000,0.000000,top
"led51","LED_WS2812B_PLCC4_5.0x5.0mm_P3.2mm","LED_WS2812B_PLCC4_5.0x5.0mm_P3.2mm",51.562000,-127.000000,0.000000,top
"led52","LED_WS2812B_PLCC4_5.0x5.0mm_P3.2mm","LED_WS2812B_PLCC4_5.0x5.0mm_P3.2mm",86.233000,-138.684000,0.000000,top
"led53","LED_WS2812B_PLCC4_5.0x5.0mm_P3.2mm","LED_WS2812B_PLCC4_5.0x5.0mm_P3.2mm",117.729000,-139.573000,0.000000,top
"led54","LED_WS2812B_PLCC4_5.0x5.0mm_P3.2mm","LED_WS2812B_PLCC4_5.0x5.0mm_P3.2mm",142.748000,-131.699000,0.000000,top
"led55","LED_WS2812B_PLCC4_5.0x5.0mm_P3.2mm","LED_WS2812B_PLCC4_5.0x5.0mm_P3.2mm",169.672000,-138.176000,0.000000,top
"led56","LED_WS2812B_PLCC4_5.0x5.0mm_P3.2mm","LED_WS2812B_PLCC4_5.0x5.0mm_P3.2mm",203.327000,-127.000000,0.000000,top
"led57","LED_WS2812B_PLCC4_5.0x5.0mm_P3.2mm","LED_WS2812B_PLCC4_5.0x5.0mm_P3.2mm",241.935000,-141.351000,0.000000,top
"led58","LED_WS2812B_PLCC4_5.0x5.0mm_P3.2mm","LED_WS2812B_PLCC4_5.0x5.0mm_P3.2mm",224.282000,-141.986000,0.000000,top
"led59","LED_WS2812B_PLCC4_5.0x5.0mm_P3.2mm","LED_WS2812B_PLCC4_5.0x5.0mm_P3.2mm",190.373000,-143.637000,0.000000,top
"led60","LED_WS2812B_PLCC4_5.0x5.0mm_P3.2mm","LED_WS2812B_PLCC4_5.0x5.0mm_P3.2mm",132.461000,-142.113000,0.000000,top
"led61","LED_WS2812B_PLCC4_5.0x5.0mm_P3.2mm","LED_WS2812B_PLCC4_5.0x5.0mm_P3.2mm",65.532000,-144.272000,0.000000,top
"led62","LED_WS2812B_PLCC4_5.0x5.0mm_P3.2mm","LED_WS2812B_PLCC4_5.0x5.0mm_P3.2mm",32.131000,-142.621000,0.000000,top
"led63","LED_WS2812B_PLCC4_5.0x5.0mm_P3.2mm","LED_WS2812B_PLCC4_5.0x5.0mm_P3.2mm",5.969000,-157.607000,0.000000,top
"led64","LED_WS2812B_PLCC4_5.0x5.0mm_P3.2mm","LED_WS2812B_PLCC4_5.0x5.0mm_P3.2mm",35.687000,-161.290000,0.000000,top
"led65","LED_WS2812B_PLCC4_5.0x5.0mm_P3.2mm","LED_WS2812B_PLCC4_5.0x5.0mm_P3.2mm",62.484000,-164.973000,0.000000,top
"led66","LED_WS2812B_PLCC4_5.0x5.0mm_P3.2mm","LED_WS2812B_PLCC4_5.0x5.0mm_P3.2mm",97.028000,-157.226000,0.000000,top
"led67","LED_WS2812B_PLCC4_5.0x5.0mm_P3.2mm","LED_WS2812B_PLCC4_5.0x5.0mm_P3.2mm",117.094000,-168.275000,0.000000,top
"led68","LED_WS2812B_PLCC4_5.0x5.0mm_P3.2mm","LED_WS2812B_PLCC4_5.0x5.0mm_P3.2mm",138.684000,-169.037000,0.000000,top
"led69","LED_WS2812B_PLCC4_5.0x5.0mm_P3.2mm","LED_WS2812B_PLCC4_5.0x5.0mm_P3.2mm",157.734000,-157.226000,0.000000,top
"led70","LED_WS2812B_PLCC4_5.0x5.0mm_P3.2mm","LED_WS2812B_PLCC4_5.0x5.0mm_P3.2mm",193.294000,-165.608000,0.000000,top
"led71","LED_WS2812B_PLCC4_5.0x5.0mm_P3.2mm","LED_WS2812B_PLCC4_5.0x5.0mm_P3.2mm",220.218000,-161.036000,0.000000,top
"led72","LED_WS2812B_PLCC4_5.0x5.0mm_P3.2mm","LED_WS2812B_PLCC4_5.0x5.0mm_P3.2mm",249.047000,-159.639000,0.000000,top
"led73","LED_WS2812B_PLCC4_5.0x5.0mm_P3.2mm","LED_WS2812B_PLCC4_5.0x5.0mm_P3.2mm",235.839000,-172.212000,0.000000,top
"led74","LED_WS2812B_PLCC4_5.0x5.0mm_P3.2mm","LED_WS2812B_PLCC4_5.0x5.0mm_P3.2mm",172.847000,-172.339000,0.000000,top
"led75","LED_WS2812B_PLCC4_5.0x5.0mm_P3.2mm","LED_WS2812B_PLCC4_5.0x5.0mm_P3.2mm",81.915000,-172.339000,0.000000,top
"led76","LED_WS2812B_PLCC4_5.0x5.0mm_P3.2mm","LED_WS2812B_PLCC4_5.0x5.0mm_P3.2mm",20.066000,-171.958000,0.000000,top
"led77","LED_WS2812B_PLCC4_5.0x5.0mm_P3.2mm","LED_WS2812B_PLCC4_5.0x5.0mm_P3.2mm",35.306000,-196.596000,0.000000,top
"led78","LED_WS2812B_PLCC4_5.0x5.0mm_P3.2mm","LED_WS2812B_PLCC4_5.0x5.0mm_P3.2mm",51.689000,-187.706000,0.000000,top
"led79","LED_WS2812B_PLCC4_5.0x5.0mm_P3.2mm","LED_WS2812B_PLCC4_5.0x5.0mm_P3.2mm",66.548000,-202.057000,0.000000,top
"led80","LED_WS2812B_PLCC4_5.0x5.0mm_P3.2mm","LED_WS2812B_PLCC4_5.0x5.0mm_P3.2mm",89.662000,-193.294000,0.000000,top
"led81","LED_WS2812B_PLCC4_5.0x5.0mm_P3.2mm","LED_WS2812B_PLCC4_5.0x5.0mm_P3.2mm",112.141000,-189.230000,0.000000,top
"led82","LED_WS2812B_PLCC4_5.0x5.0mm_P3.2mm","LED_WS2812B_PLCC4_5.0x5.0mm_P3.2mm",143.891000,-189.738000,0.000000,top
"led83","LED_WS2812B_PLCC4_5.0x5.0mm_P3.2mm","LED_WS2812B_PLCC4_5.0x5.0mm_P3.2mm",165.989000,-192.786000,0.000000,top
"led84","LED_WS2812B_PLCC4_5.0x5.0mm_P3.2mm","LED_WS2812B_PLCC4_5.0x5.0mm_P3.2mm",203.327000,-187.579000,0.000000,top
"led85","LED_WS2812B_PLCC4_5.0x5.0mm_P3.2mm","LED_WS2812B_PLCC4_5.0x5.0mm_P3.2mm",220.599000,-196.215000,0.000000,top
"led86","LED_WS2812B_PLCC4_5.0x5.0mm_P3.2mm","LED_WS2812B_PLCC4_5.0x5.0mm_P3.2mm",216.789000,-215.773000,0.000000,top
"led87","LED_WS2812B_PLCC4_5.0x5.0mm_P3.2mm","LED_WS2812B_PLCC4_5.0x5.0mm_P3.2mm",188.087000,-202.184000,0.000000,top
"led88","LED_WS2812B_PLCC4_5.0x5.0mm_P3.2mm","LED_WS2812B_PLCC4_5.0x5.0mm_P3.2mm",127.508000,-202.692000,0.000000,top
"led89","LED_WS2812B_PLCC4_5.0x5.0mm_P3.2mm","LED_WS2812B_PLCC4_5.0x5.0mm_P3.2mm",39.624000,-216.789000,0.000000,top
"led90","LED_WS2812B_PLCC4_5.0x5.0mm_P3.2mm","LED_WS2812B_PLCC4_5.0x5.0mm_P3.2mm",59.182000,-219.329000,0.000000,top
"led91","LED_WS2812B_PLCC4_5.0x5.0mm_P3.2mm","LED_WS2812B_PLCC4_5.0x5.0mm_P3.2mm",93.980000,-217.551000,0.000000,top
"led92","LED_WS2812B_PLCC4_5.0x5.0mm_P3.2mm","LED_WS2812B_PLCC4_5.0x5.0mm_P3.2mm",113.157000,-223.012000,0.000000,top
"led93","LED_WS2812B_PLCC4_5.0x5.0mm_P3.2mm","LED_WS2812B_PLCC4_5.0x5.0mm_P3.2mm",142.367000,-223.266000,0.000000,top
"led94","LED_WS2812B_PLCC4_5.0x5.0mm_P3.2mm","LED_WS2812B_PLCC4_5.0x5.0mm_P3.2mm",163.195000,-218.186000,0.000000,top
"led95","LED_WS2812B_PLCC4_5.0x5.0mm_P3.2mm","LED_WS2812B_PLCC4_5.0x5.0mm_P3.2mm",196.850000,-220.218000,0.000000,top
"led96","LED_WS2812B_PLCC4_5.0x5.0mm_P3.2mm","LED_WS2812B_PLCC4_5.0x5.0mm_P3.2mm",172.974000,-233.045000,0.000000,top
"led97","LED_WS2812B_PLCC4_5.0x5.0mm_P3.2mm","LED_WS2812B_PLCC4_5.0x5.0mm_P3.2mm",142.748000,-242.824000,0.000000,top
"led98","LED_WS2812B_PLCC4_5.0x5.0mm_P3.2mm","LED_WS2812B_PLCC4_5.0x5.0mm_P3.2mm",114.046000,-242.316000,0.000000,top
"led99","LED_WS2812B_PLCC4_5.0x5.0mm_P3.2mm","LED_WS2812B_PLCC4_5.0x5.0mm_P3.2mm",82.042000,-233.045000,0.000000,top
"led100","LED_WS2812B_PLCC4_5.0x5.0mm_P3.2mm","LED_WS2812B_PLCC4_5.0x5.0mm_P3.2mm",94.742000,-248.412000,0.000000,top
"led101","LED_WS2812B_PLCC4_5.0x5.0mm_P3.2mm","LED_WS2812B_PLCC4_5.0x5.0mm_P3.2mm",160.909000,-248.285000,0.000000,top
