Designator,Val,Package,Mid X,Mid Y,Rotation,Layer
C3,C0805C104M5RAC,CAPC2012X88N,169.11,-23.53,0,top
J1,USB4125-GF-A-0190,USB4125GFA0190,146.19,7.93,180,top
MK1,CMM-4737DT-26186-TR,CMM4737DT26186TR,169.02,-19.08,180,top
R1,R_US,R_0805_2012Metric,147.89,1.91,180,top
R2,R_US,R_0805_2012Metric,144.43,1.9,0,top
RV1,R_Potentiometer,3352T-1-104LF,122.59,5.515923,0,top
RV2,R_Potentiometer,3352T-1-104LF,134.08,5.585923,0,top
S1,EVQ-9P701P,EVQ-9P701P,106.91,8.16,0,top
S2,EVQ-9P701P,EVQ-9P701P,113.52,8.09,0,top
U1,Pico,RPi_Pico_SMD_TH_removes2,136.26,-15.97,90,top
led0,LED_WS2812B_PLCC4_5.0x5.0mm_P3.2mm,LED_WS2812B_PLCC4_5.0x5.0mm_P3.2mm,103.378,-2.54,0,top
led2,LED_WS2812B_PLCC4_5.0x5.0mm_P3.2mm,LED_WS2812B_PLCC4_5.0x5.0mm_P3.2mm,167.894,-9.906,0,top
led3,LED_WS2812B_PLCC4_5.0x5.0mm_P3.2mm,LED_WS2812B_PLCC4_5.0x5.0mm_P3.2mm,187.452,-20.828,0,top
led5,LED_WS2812B_PLCC4_5.0x5.0mm_P3.2mm,LED_WS2812B_PLCC4_5.0x5.0mm_P3.2mm,83.566,-17.018,0,top
led6,LED_WS2812B_PLCC4_5.0x5.0mm_P3.2mm,LED_WS2812B_PLCC4_5.0x5.0mm_P3.2mm,66.548,-18.288,0,top
led7,LED_WS2812B_PLCC4_5.0x5.0mm_P3.2mm,LED_WS2812B_PLCC4_5.0x5.0mm_P3.2mm,45.466,-32.512,0,top
led8,LED_WS2812B_PLCC4_5.0x5.0mm_P3.2mm,LED_WS2812B_PLCC4_5.0x5.0mm_P3.2mm,76.2,-34.036,0,top
led9,LED_WS2812B_PLCC4_5.0x5.0mm_P3.2mm,LED_WS2812B_PLCC4_5.0x5.0mm_P3.2mm,109.22,-33.528,0,top
led10,LED_WS2812B_PLCC4_5.0x5.0mm_P3.2mm,LED_WS2812B_PLCC4_5.0x5.0mm_P3.2mm,152.908,-31.75,0,top
led11,LED_WS2812B_PLCC4_5.0x5.0mm_P3.2mm,LED_WS2812B_PLCC4_5.0x5.0mm_P3.2mm,183.134,-36.83,0,top
led12,LED_WS2812B_PLCC4_5.0x5.0mm_P3.2mm,LED_WS2812B_PLCC4_5.0x5.0mm_P3.2mm,200.406,-31.75,0,top
led13,LED_WS2812B_PLCC4_5.0x5.0mm_P3.2mm,LED_WS2812B_PLCC4_5.0x5.0mm_P3.2mm,217.17,-34.798,0,top
led14,LED_WS2812B_PLCC4_5.0x5.0mm_P3.2mm,LED_WS2812B_PLCC4_5.0x5.0mm_P3.2mm,172.974,-50.292,0,top
led15,LED_WS2812B_PLCC4_5.0x5.0mm_P3.2mm,LED_WS2812B_PLCC4_5.0x5.0mm_P3.2mm,136.652,-47.498,0,top
led16,LED_WS2812B_PLCC4_5.0x5.0mm_P3.2mm,LED_WS2812B_PLCC4_5.0x5.0mm_P3.2mm,28.194,-51.816,0,top
led17,LED_WS2812B_PLCC4_5.0x5.0mm_P3.2mm,LED_WS2812B_PLCC4_5.0x5.0mm_P3.2mm,41.91,-63.5,0,top
led18,LED_WS2812B_PLCC4_5.0x5.0mm_P3.2mm,LED_WS2812B_PLCC4_5.0x5.0mm_P3.2mm,61.976,-54.61,0,top
led19,LED_WS2812B_PLCC4_5.0x5.0mm_P3.2mm,LED_WS2812B_PLCC4_5.0x5.0mm_P3.2mm,89.408,-58.42,0,top
led20,LED_WS2812B_PLCC4_5.0x5.0mm_P3.2mm,LED_WS2812B_PLCC4_5.0x5.0mm_P3.2mm,102.87,-64.008,0,top
led21,LED_WS2812B_PLCC4_5.0x5.0mm_P3.2mm,LED_WS2812B_PLCC4_5.0x5.0mm_P3.2mm,115.824,-64.008,0,top
led22,LED_WS2812B_PLCC4_5.0x5.0mm_P3.2mm,LED_WS2812B_PLCC4_5.0x5.0mm_P3.2mm,126.746,-59.69,0,top
led23,LED_WS2812B_PLCC4_5.0x5.0mm_P3.2mm,LED_WS2812B_PLCC4_5.0x5.0mm_P3.2mm,142.748,-62.738,0,top
led24,LED_WS2812B_PLCC4_5.0x5.0mm_P3.2mm,LED_WS2812B_PLCC4_5.0x5.0mm_P3.2mm,164.592,-64.77,0,top
led25,LED_WS2812B_PLCC4_5.0x5.0mm_P3.2mm,LED_WS2812B_PLCC4_5.0x5.0mm_P3.2mm,229.362,-55.372,0,top
led26,LED_WS2812B_PLCC4_5.0x5.0mm_P3.2mm,LED_WS2812B_PLCC4_5.0x5.0mm_P3.2mm,236.982,-57.404,0,top
led27,LED_WS2812B_PLCC4_5.0x5.0mm_P3.2mm,LED_WS2812B_PLCC4_5.0x5.0mm_P3.2mm,197.612,-65.532,0,top
led28,LED_WS2812B_PLCC4_5.0x5.0mm_P3.2mm,LED_WS2812B_PLCC4_5.0x5.0mm_P3.2mm,169.926,-75.184,0,top
led29,LED_WS2812B_PLCC4_5.0x5.0mm_P3.2mm,LED_WS2812B_PLCC4_5.0x5.0mm_P3.2mm,61.976,-77.47,0,top
led30,LED_WS2812B_PLCC4_5.0x5.0mm_P3.2mm,LED_WS2812B_PLCC4_5.0x5.0mm_P3.2mm,24.384,-68.072,0,top
led31,LED_WS2812B_PLCC4_5.0x5.0mm_P3.2mm,LED_WS2812B_PLCC4_5.0x5.0mm_P3.2mm,6.604,-89.662,0,top
led32,LED_WS2812B_PLCC4_5.0x5.0mm_P3.2mm,LED_WS2812B_PLCC4_5.0x5.0mm_P3.2mm,83.566,-78.232,0,top
led33,LED_WS2812B_PLCC4_5.0x5.0mm_P3.2mm,LED_WS2812B_PLCC4_5.0x5.0mm_P3.2mm,116.84,-82.042,0,top
led34,LED_WS2812B_PLCC4_5.0x5.0mm_P3.2mm,LED_WS2812B_PLCC4_5.0x5.0mm_P3.2mm,141.224,-86.614,0,top
led35,LED_WS2812B_PLCC4_5.0x5.0mm_P3.2mm,LED_WS2812B_PLCC4_5.0x5.0mm_P3.2mm,220.98,-85.09,0,top
led36,LED_WS2812B_PLCC4_5.0x5.0mm_P3.2mm,LED_WS2812B_PLCC4_5.0x5.0mm_P3.2mm,244.856,-80.772,0,top
led37,LED_WS2812B_PLCC4_5.0x5.0mm_P3.2mm,LED_WS2812B_PLCC4_5.0x5.0mm_P3.2mm,221.234,-102.616,0,top
led38,LED_WS2812B_PLCC4_5.0x5.0mm_P3.2mm,LED_WS2812B_PLCC4_5.0x5.0mm_P3.2mm,206.756,-93.218,0,top
led39,LED_WS2812B_PLCC4_5.0x5.0mm_P3.2mm,LED_WS2812B_PLCC4_5.0x5.0mm_P3.2mm,179.832,-92.202,0,top
led40,LED_WS2812B_PLCC4_5.0x5.0mm_P3.2mm,LED_WS2812B_PLCC4_5.0x5.0mm_P3.2mm,160.528,-94.234,0,top
led41,LED_WS2812B_PLCC4_5.0x5.0mm_P3.2mm,LED_WS2812B_PLCC4_5.0x5.0mm_P3.2mm,123.444,-101.854,0,top
led42,LED_WS2812B_PLCC4_5.0x5.0mm_P3.2mm,LED_WS2812B_PLCC4_5.0x5.0mm_P3.2mm,98.806,-93.726,0,top
led43,LED_WS2812B_PLCC4_5.0x5.0mm_P3.2mm,LED_WS2812B_PLCC4_5.0x5.0mm_P3.2mm,67.818,-93.726,0,top
led44,LED_WS2812B_PLCC4_5.0x5.0mm_P3.2mm,LED_WS2812B_PLCC4_5.0x5.0mm_P3.2mm,38.354,-91.948,0,top
led45,LED_WS2812B_PLCC4_5.0x5.0mm_P3.2mm,LED_WS2812B_PLCC4_5.0x5.0mm_P3.2mm,11.43,-106.426,0,top
led46,LED_WS2812B_PLCC4_5.0x5.0mm_P3.2mm,LED_WS2812B_PLCC4_5.0x5.0mm_P3.2mm,65.786,-109.22,0,top
led47,LED_WS2812B_PLCC4_5.0x5.0mm_P3.2mm,LED_WS2812B_PLCC4_5.0x5.0mm_P3.2mm,84.074,-109.982,0,top
led48,LED_WS2812B_PLCC4_5.0x5.0mm_P3.2mm,LED_WS2812B_PLCC4_5.0x5.0mm_P3.2mm,144.526,-110.49,0,top
led49,LED_WS2812B_PLCC4_5.0x5.0mm_P3.2mm,LED_WS2812B_PLCC4_5.0x5.0mm_P3.2mm,189.23,-108.712,0,top
led50,LED_WS2812B_PLCC4_5.0x5.0mm_P3.2mm,LED_WS2812B_PLCC4_5.0x5.0mm_P3.2mm,250.444,-122.936,0,top
led51,LED_WS2812B_PLCC4_5.0x5.0mm_P3.2mm,LED_WS2812B_PLCC4_5.0x5.0mm_P3.2mm,218.186,-123.444,0,top
led52,LED_WS2812B_PLCC4_5.0x5.0mm_P3.2mm,LED_WS2812B_PLCC4_5.0x5.0mm_P3.2mm,203.708,-128.27,0,top
led53,LED_WS2812B_PLCC4_5.0x5.0mm_P3.2mm,LED_WS2812B_PLCC4_5.0x5.0mm_P3.2mm,165.608,-119.888,0,top
led54,LED_WS2812B_PLCC4_5.0x5.0mm_P3.2mm,LED_WS2812B_PLCC4_5.0x5.0mm_P3.2mm,128.016,-124.968,0,top
led55,LED_WS2812B_PLCC4_5.0x5.0mm_P3.2mm,LED_WS2812B_PLCC4_5.0x5.0mm_P3.2mm,58.42,-121.92,0,top
led56,LED_WS2812B_PLCC4_5.0x5.0mm_P3.2mm,LED_WS2812B_PLCC4_5.0x5.0mm_P3.2mm,46.482,-124.968,0,top
led57,LED_WS2812B_PLCC4_5.0x5.0mm_P3.2mm,LED_WS2812B_PLCC4_5.0x5.0mm_P3.2mm,23.622,-125.73,0,top
led58,LED_WS2812B_PLCC4_5.0x5.0mm_P3.2mm,LED_WS2812B_PLCC4_5.0x5.0mm_P3.2mm,1.778,-124.714,0,top
led59,LED_WS2812B_PLCC4_5.0x5.0mm_P3.2mm,LED_WS2812B_PLCC4_5.0x5.0mm_P3.2mm,30.48,-139.7,0,top
led60,LED_WS2812B_PLCC4_5.0x5.0mm_P3.2mm,LED_WS2812B_PLCC4_5.0x5.0mm_P3.2mm,62.484,-132.08,0,top
led61,LED_WS2812B_PLCC4_5.0x5.0mm_P3.2mm,LED_WS2812B_PLCC4_5.0x5.0mm_P3.2mm,85.852,-135.382,0,top
led62,LED_WS2812B_PLCC4_5.0x5.0mm_P3.2mm,LED_WS2812B_PLCC4_5.0x5.0mm_P3.2mm,150.622,-133.858,0,top
led63,LED_WS2812B_PLCC4_5.0x5.0mm_P3.2mm,LED_WS2812B_PLCC4_5.0x5.0mm_P3.2mm,172.212,-139.954,0,top
led64,LED_WS2812B_PLCC4_5.0x5.0mm_P3.2mm,LED_WS2812B_PLCC4_5.0x5.0mm_P3.2mm,189.992,-138.684,0,top
led65,LED_WS2812B_PLCC4_5.0x5.0mm_P3.2mm,LED_WS2812B_PLCC4_5.0x5.0mm_P3.2mm,229.87,-131.064,0,top
led66,LED_WS2812B_PLCC4_5.0x5.0mm_P3.2mm,LED_WS2812B_PLCC4_5.0x5.0mm_P3.2mm,244.856,-143.764,0,top
led67,LED_WS2812B_PLCC4_5.0x5.0mm_P3.2mm,LED_WS2812B_PLCC4_5.0x5.0mm_P3.2mm,132.08,-148.082,0,top
led68,LED_WS2812B_PLCC4_5.0x5.0mm_P3.2mm,LED_WS2812B_PLCC4_5.0x5.0mm_P3.2mm,113.03,-142.748,0,top
led69,LED_WS2812B_PLCC4_5.0x5.0mm_P3.2mm,LED_WS2812B_PLCC4_5.0x5.0mm_P3.2mm,6.35,-150.876,0,top
led70,LED_WS2812B_PLCC4_5.0x5.0mm_P3.2mm,LED_WS2812B_PLCC4_5.0x5.0mm_P3.2mm,52.324,-155.702,0,top
led71,LED_WS2812B_PLCC4_5.0x5.0mm_P3.2mm,LED_WS2812B_PLCC4_5.0x5.0mm_P3.2mm,70.612,-162.052,0,top
led72,LED_WS2812B_PLCC4_5.0x5.0mm_P3.2mm,LED_WS2812B_PLCC4_5.0x5.0mm_P3.2mm,90.17,-154.94,0,top
led73,LED_WS2812B_PLCC4_5.0x5.0mm_P3.2mm,LED_WS2812B_PLCC4_5.0x5.0mm_P3.2mm,114.808,-163.322,0,top
led74,LED_WS2812B_PLCC4_5.0x5.0mm_P3.2mm,LED_WS2812B_PLCC4_5.0x5.0mm_P3.2mm,151.892,-155.702,0,top
led75,LED_WS2812B_PLCC4_5.0x5.0mm_P3.2mm,LED_WS2812B_PLCC4_5.0x5.0mm_P3.2mm,182.626,-156.972,0,top
led76,LED_WS2812B_PLCC4_5.0x5.0mm_P3.2mm,LED_WS2812B_PLCC4_5.0x5.0mm_P3.2mm,214.122,-155.448,0,top
led77,LED_WS2812B_PLCC4_5.0x5.0mm_P3.2mm,LED_WS2812B_PLCC4_5.0x5.0mm_P3.2mm,243.84,-167.894,0,top
led78,LED_WS2812B_PLCC4_5.0x5.0mm_P3.2mm,LED_WS2812B_PLCC4_5.0x5.0mm_P3.2mm,187.96,-173.228,0,top
led79,LED_WS2812B_PLCC4_5.0x5.0mm_P3.2mm,LED_WS2812B_PLCC4_5.0x5.0mm_P3.2mm,169.164,-175.006,0,top
led80,LED_WS2812B_PLCC4_5.0x5.0mm_P3.2mm,LED_WS2812B_PLCC4_5.0x5.0mm_P3.2mm,134.62,-173.482,0,top
led81,LED_WS2812B_PLCC4_5.0x5.0mm_P3.2mm,LED_WS2812B_PLCC4_5.0x5.0mm_P3.2mm,86.868,-176.276,0,top
led82,LED_WS2812B_PLCC4_5.0x5.0mm_P3.2mm,LED_WS2812B_PLCC4_5.0x5.0mm_P3.2mm,30.734,-169.672,0,top
led83,LED_WS2812B_PLCC4_5.0x5.0mm_P3.2mm,LED_WS2812B_PLCC4_5.0x5.0mm_P3.2mm,13.716,-171.45,0,top
led84,LED_WS2812B_PLCC4_5.0x5.0mm_P3.2mm,LED_WS2812B_PLCC4_5.0x5.0mm_P3.2mm,23.876,-187.452,0,top
led85,LED_WS2812B_PLCC4_5.0x5.0mm_P3.2mm,LED_WS2812B_PLCC4_5.0x5.0mm_P3.2mm,54.356,-186.182,0,top
led86,LED_WS2812B_PLCC4_5.0x5.0mm_P3.2mm,LED_WS2812B_PLCC4_5.0x5.0mm_P3.2mm,101.092,-186.182,0,top
led87,LED_WS2812B_PLCC4_5.0x5.0mm_P3.2mm,LED_WS2812B_PLCC4_5.0x5.0mm_P3.2mm,130.302,-190.246,0,top
led88,LED_WS2812B_PLCC4_5.0x5.0mm_P3.2mm,LED_WS2812B_PLCC4_5.0x5.0mm_P3.2mm,147.828,-184.658,0,top
led89,LED_WS2812B_PLCC4_5.0x5.0mm_P3.2mm,LED_WS2812B_PLCC4_5.0x5.0mm_P3.2mm,198.882,-184.658,0,top
led90,LED_WS2812B_PLCC4_5.0x5.0mm_P3.2mm,LED_WS2812B_PLCC4_5.0x5.0mm_P3.2mm,209.55,-184.658,0,top
led91,LED_WS2812B_PLCC4_5.0x5.0mm_P3.2mm,LED_WS2812B_PLCC4_5.0x5.0mm_P3.2mm,221.234,-186.182,0,top
led92,LED_WS2812B_PLCC4_5.0x5.0mm_P3.2mm,LED_WS2812B_PLCC4_5.0x5.0mm_P3.2mm,231.902,-181.864,0,top
led93,LED_WS2812B_PLCC4_5.0x5.0mm_P3.2mm,LED_WS2812B_PLCC4_5.0x5.0mm_P3.2mm,223.266,-203.454,0,top
led94,LED_WS2812B_PLCC4_5.0x5.0mm_P3.2mm,LED_WS2812B_PLCC4_5.0x5.0mm_P3.2mm,189.738,-200.152,0,top
led95,LED_WS2812B_PLCC4_5.0x5.0mm_P3.2mm,LED_WS2812B_PLCC4_5.0x5.0mm_P3.2mm,174.498,-204.47,0,top
led96,LED_WS2812B_PLCC4_5.0x5.0mm_P3.2mm,LED_WS2812B_PLCC4_5.0x5.0mm_P3.2mm,163.576,-194.818,0,top
led97,LED_WS2812B_PLCC4_5.0x5.0mm_P3.2mm,LED_WS2812B_PLCC4_5.0x5.0mm_P3.2mm,118.618,-202.438,0,top
led98,LED_WS2812B_PLCC4_5.0x5.0mm_P3.2mm,LED_WS2812B_PLCC4_5.0x5.0mm_P3.2mm,84.074,-199.644,0,top
led99,LED_WS2812B_PLCC4_5.0x5.0mm_P3.2mm,LED_WS2812B_PLCC4_5.0x5.0mm_P3.2mm,39.37,-215.646,0,top
led100,LED_WS2812B_PLCC4_5.0x5.0mm_P3.2mm,LED_WS2812B_PLCC4_5.0x5.0mm_P3.2mm,50.546,-216.916,0,top
led101,LED_WS2812B_PLCC4_5.0x5.0mm_P3.2mm,LED_WS2812B_PLCC4_5.0x5.0mm_P3.2mm,73.152,-213.36,0,top
led102,LED_WS2812B_PLCC4_5.0x5.0mm_P3.2mm,LED_WS2812B_PLCC4_5.0x5.0mm_P3.2mm,89.408,-215.646,0,top
led103,LED_WS2812B_PLCC4_5.0x5.0mm_P3.2mm,LED_WS2812B_PLCC4_5.0x5.0mm_P3.2mm,174.244,-216.662,0,top
led104,LED_WS2812B_PLCC4_5.0x5.0mm_P3.2mm,LED_WS2812B_PLCC4_5.0x5.0mm_P3.2mm,205.232,-216.408,0,top
led105,LED_WS2812B_PLCC4_5.0x5.0mm_P3.2mm,LED_WS2812B_PLCC4_5.0x5.0mm_P3.2mm,173.736,-228.092,0,top
led106,LED_WS2812B_PLCC4_5.0x5.0mm_P3.2mm,LED_WS2812B_PLCC4_5.0x5.0mm_P3.2mm,143.002,-219.964,0,top
led107,LED_WS2812B_PLCC4_5.0x5.0mm_P3.2mm,LED_WS2812B_PLCC4_5.0x5.0mm_P3.2mm,117.094,-228.346,0,top
led108,LED_WS2812B_PLCC4_5.0x5.0mm_P3.2mm,LED_WS2812B_PLCC4_5.0x5.0mm_P3.2mm,112.014,-219.202,0,top
led109,LED_WS2812B_PLCC4_5.0x5.0mm_P3.2mm,LED_WS2812B_PLCC4_5.0x5.0mm_P3.2mm,64.008,-234.442,0,top
led110,LED_WS2812B_PLCC4_5.0x5.0mm_P3.2mm,LED_WS2812B_PLCC4_5.0x5.0mm_P3.2mm,88.392,-240.03,0,top
led111,LED_WS2812B_PLCC4_5.0x5.0mm_P3.2mm,LED_WS2812B_PLCC4_5.0x5.0mm_P3.2mm,124.46,-241.046,0,top
led112,LED_WS2812B_PLCC4_5.0x5.0mm_P3.2mm,LED_WS2812B_PLCC4_5.0x5.0mm_P3.2mm,165.862,-241.808,0,top
led113,LED_WS2812B_PLCC4_5.0x5.0mm_P3.2mm,LED_WS2812B_PLCC4_5.0x5.0mm_P3.2mm,189.992,-232.156,0,top
led114,LED_WS2812B_PLCC4_5.0x5.0mm_P3.2mm,LED_WS2812B_PLCC4_5.0x5.0mm_P3.2mm,151.892,-247.396,0,top
led115,LED_WS2812B_PLCC4_5.0x5.0mm_P3.2mm,LED_WS2812B_PLCC4_5.0x5.0mm_P3.2mm,108.204,-247.142,0,top
